{
  "home.browser_warning": "للاطلاع بشكل أفضل على رحلات “تم” يرجى استخدام متصفح آخر.",
  "home.browser_warning_title": "مرحباً بك!",

  "navigation.about_abu_dhabi": "لمحة عامة عن أبوظبي",
  "navigation.about_bala3nadh": "لمحة عامة عن تم",
  "navigation.government_entities": "الجهات الحكومية في أبوظبي",
  "navigation.aspects_of_life": "جوانب الحياة",
  "navigation.co_create": "شارك في الإبداع",
  "navigation.media_center": "المركز الإعلامي",
  "navigation.support_center": "مركز الدعم",
  "navigation.facts_and_figures": "حقائق وأرقام",

  "footer.useful_links.about_this_portal": "نبذة عن الموقع",
  "footer.useful_links.disclaimer": "إخلاء المسؤولية",
  "footer.useful_links.accessibility": "إمكانية الوصول",
  "footer.useful_links.site_map": "خارطة الموقع",
  "footer.support_links.questions": "الأسئلة المتكررة",
  "footer.support_links.talk_to_us": "تواصل معنا",
  "footer.support_links.media": "وسائل الإعلام",
  "footer.rights_links.privacy_policy": "سياسة الخصوصية",
  "footer.rights_links.copyright": "حقوق الطبع والنشر",
  "footer.rights_links.terms_and_conditions": "الشروط والأحكام",
  "footer.all_rights_reserved": " حقوق الطبع والنشر محفوظة 2018 © لصالح حكومة أبوظبي. جميع الحقوق محفوظة ",

  "notfound.title": "404 لم يتم العثور على الصفحة ",
  "notfound.info": "الصفحة التي تبحث عنها غير موجودة ",
  "notfound.link": "عودة إلى الصفحة الرئيسية",

  "error.title": "خطأ",
  "error.info": "نأسف، حدث خطأ في هذه الصفحة",
  "error.link": " عودة إلى الصفحة الرئيسية ",

  "you": "",

  "faq.title": "الأسئلة المتكررة",
  "faq.1q": "ما هي توجيهات تصميم المنشآت الصحية؟",
  "faq.1a": "للتعرف على التوجيهات، ادخل على الرابط <a href='https://www.haad.ae/hfg' ; target='_blank'> هنا </a>",
  "faq.2q": "هل الترخيص للعمل في مجال الضمان الصحي إلزامي لجميع المنشآت الصحية؟",
  "faq.2a": "لا",
  "faq.3q": "هل يحق لغير المواطن تملك منشأة صحية؟",
  "faq.3a": "لا",
  "faq.4q": "هل يحق للمالك الواحد ترخيص أكثر من منشأة صحية (طبية و صيدلانية)؟",
  "faq.4a": "نعم",
  "faq.5q": "هل يشترط أن يكون مالك المنشأة الطبية طبيب؟",
  "faq.5a": "لا",
  "faq.6q": "هل ترخص هيئة الصحة نشاط الطب البديل؟",
  "faq.6a": "نعم",
  "faq.7q": "كيف يتم أخد تصريح لعمل اعلانات صحية للمنشآت لصحية؟",
  "faq.7a": "من خلال وزارة الصحة",
  "faq.8q": "هل ترخيص المنشأة يرتبط بترخيص العمل في مجال الضمان الصحي؟",
  "faq.8a": "نعم، إذا شاركت المنشأة الصحية في نظام التأمين الصحي. وفقا لذلك؛ سيتم إضافة رسوم تجديد التأمين الصحي إلى رسوم تجديد ترخيص المنشأة",
  "faq.9q": "هل يحق للمنشأة ترخيص أو تجديد ترخيصها لأكثر من سنة؟",
  "faq.9a": "نعم",
  "faq.10q": "ما هي رسوم حجز الاسم التجاري؟",
  "faq.10a": "1- 200 درهم لمدة 3 أشهر 2- للاسم التجاري الاستثنائي: 1.200 درهم لمدة 3 أشهر. لمزيد من المعلومات حول الأسماء التجارية ، انقر فوق <a href='https://adbc.abudhabi.ae/CitizenAccess/' ; target='_blank'> انقر هنا.",
  "faq.11q": "ما هي إجراءات إصدار الرخصة التجارية للنشاط / الشكل القانوني؟",
  "faq.11a": "<ol> <li> حجز اسم تجاري </li> <li> تقديم طلب </li> <li> الحصول على اتفاقية عامل الخدمة أو اتفاقية الشراكة حسب الحالة </li> <li> التصديق على الاتفاقيات مع صلاحية لا تقل عن 6 أشهر </li> <li> الحصول على موافقات الهيئات الخارجية ذات الصلة </li> </ol> <p> لمزيد من المعلومات حول التراخيص التجارية والأشكال القانونية ، انقر فوق <a href = 'https://adbc.abudhabi.ae/CitizenAccess/ 'target ='_blank '> هنا </a> </p>",
  "faq.12q": "ما هي الوثائق المطلوبة لإصدار إقامة لفرد يعمل في القطاع الخاص أو المنطقة الحرة؟",
  "faq.12a": "<p> من أجل إصدار الإقامة لفرد يعمل في قطاع خاص أو منطقة حرة ، تحتاج إلى ما يلي: </p> <p> طلب تصريح الدخول موقّع من الكفيل. </p> <p> صورة عن الرخصة التجارية. </p> <p> صورة عن جواز سفر الكفيل </p> <p> تقرير فحص طبي لا يتجاوز 3 أشهر. </p> <p> إيصال هوية الإمارات </p> <p> بطاقة العمل الصادرة من وزارة العمل </p> <p> تتوفر هذه الخدمة من خلال تطبيقنا للهواتف الذكية وموقعنا الإلكتروني ومراكز الخدمة. </p>",

  "userRole.selectRepresentative.label": "",
  "userRole.pleaseSelect": "",
  "userRole.pleaseSelectOwnerID": "",
  "userRole.modalTitle": "",
  "userRole.save": "",

  "representativeAlert.message": "",
  "talk_to_us": "تحدث معنا",
  "my_locker": "محفظتي"
}
