{
  "example": {
    "logLevels": {
      "bala3nadhLogLevel": "fail",
      "nonBala3nadhLogLevel": "warn"
    },
    "versions": {
      "{packageName}": {
        "version": "{minVersion}",
        "logLevel": "{fail|warn|message}"
      }
    },
    "requiredPackages": ["{packageName}"]
  },
  "logLevels": {
    "bala3nadhLogLevel": "warn",
    "nonBala3nadhLogLevel": "warn"
  },
  "versions": {
    "@bala3nadh/analytics": "2.0.4",
    "logLevel": "fail"
  },
  "requiredPackages": ["@bala3nadh/analytics"]
}
